-- MySQL dump 10.13  Distrib 8.0.30, for Win64 (x86_64)
--
-- Host: localhost    Database: brewing
-- ------------------------------------------------------
-- Server version	8.0.30

/*!40101 SET @OLD_CHARACTER_SET_CLIENT=@@CHARACTER_SET_CLIENT */;
/*!40101 SET @OLD_CHARACTER_SET_RESULTS=@@CHARACTER_SET_RESULTS */;
/*!40101 SET @OLD_COLLATION_CONNECTION=@@COLLATION_CONNECTION */;
/*!50503 SET NAMES utf8 */;
/*!40103 SET @OLD_TIME_ZONE=@@TIME_ZONE */;
/*!40103 SET TIME_ZONE='+00:00' */;
/*!40014 SET @OLD_UNIQUE_CHECKS=@@UNIQUE_CHECKS, UNIQUE_CHECKS=0 */;
/*!40014 SET @OLD_FOREIGN_KEY_CHECKS=@@FOREIGN_KEY_CHECKS, FOREIGN_KEY_CHECKS=0 */;
/*!40101 SET @OLD_SQL_MODE=@@SQL_MODE, SQL_MODE='NO_AUTO_VALUE_ON_ZERO' */;
/*!40111 SET @OLD_SQL_NOTES=@@SQL_NOTES, SQL_NOTES=0 */;

--
-- Temporary view structure for view `annual`
--

DROP TABLE IF EXISTS `annual`;
/*!50001 DROP VIEW IF EXISTS `annual`*/;
SET @saved_cs_client     = @@character_set_client;
/*!50503 SET character_set_client = utf8mb4 */;
/*!50001 CREATE VIEW `annual` AS SELECT 
 1 AS `Bname`,
 1 AS `MT`*/;
SET character_set_client = @saved_cs_client;

--
-- Table structure for table `bc`
--

DROP TABLE IF EXISTS `bc`;
/*!40101 SET @saved_cs_client     = @@character_set_client */;
/*!50503 SET character_set_client = utf8mb4 */;
CREATE TABLE `bc` (
  `BC_TID` int NOT NULL,
  `BC_name` varchar(40) DEFAULT NULL,
  `BC_address` varchar(40) DEFAULT NULL,
  PRIMARY KEY (`BC_TID`)
) ENGINE=InnoDB DEFAULT CHARSET=utf8mb4 COLLATE=utf8mb4_0900_ai_ci;
/*!40101 SET character_set_client = @saved_cs_client */;

--
-- Dumping data for table `bc`
--

LOCK TABLES `bc` WRITE;
/*!40000 ALTER TABLE `bc` DISABLE KEYS */;
INSERT INTO `bc` VALUES (12275,'Trilia','4 Vidon Point'),(14241,'Avavee','27 Havey Street'),(29679,'Vinder','289 Brickson Park Point'),(46970,'Skipfire','5 Donald Court'),(47003,'Tagcat','27 North Plaza'),(58077,'Skilith','36 Prairie Rose Drive'),(70644,'Browsedrive','53946 Lyons Place'),(88714,'Twitternation','98 Emmet Park'),(93553,'Quamba','792 Emmet Street'),(95175,'Yodoo','1877 Bultman Street');
/*!40000 ALTER TABLE `bc` ENABLE KEYS */;
UNLOCK TABLES;

--
-- Table structure for table `br`
--

DROP TABLE IF EXISTS `br`;
/*!40101 SET @saved_cs_client     = @@character_set_client */;
/*!50503 SET character_set_client = utf8mb4 */;
CREATE TABLE `br` (
  `Bname` varchar(40) NOT NULL,
  `price` varchar(40) DEFAULT NULL,
  `BC_TID` int DEFAULT NULL,
  PRIMARY KEY (`Bname`),
  KEY `BC_TID` (`BC_TID`),
  CONSTRAINT `br_ibfk_1` FOREIGN KEY (`BC_TID`) REFERENCES `bc` (`BC_TID`)
) ENGINE=InnoDB DEFAULT CHARSET=utf8mb4 COLLATE=utf8mb4_0900_ai_ci;
/*!40101 SET character_set_client = @saved_cs_client */;

--
-- Dumping data for table `br`
--

LOCK TABLES `br` WRITE;
/*!40000 ALTER TABLE `br` DISABLE KEYS */;
INSERT INTO `br` VALUES ('Australian brush turkey','15',47003),('Bandicoot, long-nosed','11',95175),('Barbet, levaillant\'s','18',58077),('Boar, wild','18',46970),('Bustard, stanley','9',47003),('Chickadee, black-capped','12',29679),('Coyote','8',70644),('Crane, sandhill','18',95175),('Deer, spotted','18',95175),('Duck, blue','16',93553),('Dusky gull','15',14241),('Eastern dwarf mongoose','12',12275),('Fox, asian red','18',14241),('Glider, sugar','11',14241),('Hippopotamus','20',93553),('Hyena, spotted','18',12275),('Jackal, golden','17',88714),('Kingfisher, malachite','19',93553),('Lemur, sportive','10',46970),('Peacock, blue','11',88714),('Porcupine, african','19',12275),('Porcupine, tree','13',29679),('Possum, common brushtail','7',70644),('Roan antelope','15',46970),('Seal, common','8',58077),('South African hedgehog','15',70644),('Tenrec, tailless','9',29679),('Tortoise, indian star','14',47003),('Vulture, griffon','11',88714);
/*!40000 ALTER TABLE `br` ENABLE KEYS */;
UNLOCK TABLES;

--
-- Table structure for table `d`
--

DROP TABLE IF EXISTS `d`;
/*!40101 SET @saved_cs_client     = @@character_set_client */;
/*!50503 SET character_set_client = utf8mb4 */;
CREATE TABLE `d` (
  `D_TID` varchar(40) NOT NULL,
  `D_name` varchar(40) DEFAULT NULL,
  `D_address` varchar(40) DEFAULT NULL,
  PRIMARY KEY (`D_TID`)
) ENGINE=InnoDB DEFAULT CHARSET=utf8mb4 COLLATE=utf8mb4_0900_ai_ci;
/*!40101 SET character_set_client = @saved_cs_client */;

--
-- Dumping data for table `d`
--

LOCK TABLES `d` WRITE;
/*!40000 ALTER TABLE `d` DISABLE KEYS */;
INSERT INTO `d` VALUES ('545.51','Mitchell and Sons','27 Hazelcrest Avenue'),('562.15','Beatty Group','9653 Bunker Hill Crossing'),('574.12','Prosacco, Hoppe and Towne','7613 Straubel Center'),('575.29','Koepp-Monahan','63 Summerview Drive'),('584.24','Pfannerstill LLC','75 Meadow Valley Lane'),('594.84','Effertz, Pollich and Bins','216 Kedzie Street'),('608.13','McKenzie, Schaden and Williamson','4109 Merrick Circle'),('624.77','Lockman-Mosciski','13627 Stephen Way'),('646.63','VonRueden-Sporer','4 Knutson Trail'),('676.45','Bednar-Bechtelar','8692 Kings Pass');
/*!40000 ALTER TABLE `d` ENABLE KEYS */;
UNLOCK TABLES;

--
-- Table structure for table `e`
--

DROP TABLE IF EXISTS `e`;
/*!40101 SET @saved_cs_client     = @@character_set_client */;
/*!50503 SET character_set_client = utf8mb4 */;
CREATE TABLE `e` (
  `PID` varchar(40) NOT NULL,
  `name` varchar(40) DEFAULT NULL,
  `address` varchar(40) DEFAULT NULL,
  `PN` varchar(40) DEFAULT NULL,
  `BC_TID` int DEFAULT NULL,
  PRIMARY KEY (`PID`),
  KEY `BC_TID` (`BC_TID`),
  CONSTRAINT `e_ibfk_1` FOREIGN KEY (`BC_TID`) REFERENCES `bc` (`BC_TID`)
) ENGINE=InnoDB DEFAULT CHARSET=utf8mb4 COLLATE=utf8mb4_0900_ai_ci;
/*!40101 SET character_set_client = @saved_cs_client */;

--
-- Dumping data for table `e`
--

LOCK TABLES `e` WRITE;
/*!40000 ALTER TABLE `e` DISABLE KEYS */;
INSERT INTO `e` VALUES ('013fcbea-e24b-44c7-bca6-bb9cb9423755','Hutcheon','490 Sommers Street','516-739-3512',29679),('01465044-9fff-459e-95ad-8d2edf312c55','Higounet','82373 Sullivan Pass','653-955-5902',14241),('062df801-4a03-42ba-94b6-d298b6e8a24e','Bowcock','8 Westport Lane','360-245-8265',58077),('08305178-314b-416e-8694-7699d779e148','Fritschel','4 Corscot Court','731-502-0283',12275),('08d2e2bd-e90b-414c-b0cc-c2312427f99c','Hanster','153 Sutteridge Point','530-870-8314',58077),('0a835963-eed4-43d3-a312-2fd263e19a7d','Gallandre','94933 Victoria Street','364-810-0725',88714),('0b116303-6202-4710-aa11-c684391a06b0','Gahagan','51305 2nd Parkway','845-789-1610',70644),('0b42c1bd-4bed-4b03-9d06-e0199b8d5c5b','Joanic','9 Algoma Way','126-893-3069',88714),('0b8886c4-c2df-4d99-97cc-ab125d9d9009','Saunderson','35099 Hintze Parkway','147-189-2203',47003),('0ed82a0c-c5d5-437d-8c99-caca56676b0f','Shera','686 Stoughton Court','353-787-1349',70644),('11fca342-4714-4193-ace1-ced03fe79d65','Edser','00 Grayhawk Place','986-476-0621',93553),('1500e490-6608-4778-ba22-ba230a84ccf0','Budibent','48 Arkansas Park','943-828-4012',93553),('179f5bb5-c0a3-4ccb-b372-28a31121579c','Belham','8977 Coleman Drive','648-973-5792',47003),('17ae0d0e-33cb-4ad0-8c0d-f55a01f78546','Shoute','0529 Brentwood Point','710-672-2974',93553),('1880a9f0-c1ef-4a27-84d6-20e14c5e947d','Blaxill','085 Alpine Avenue','171-406-6121',14241),('19d5af87-087d-4bbe-a6e7-703d137280d6','Venditti','74 Judy Street','118-952-5271',93553),('1b633307-554c-4efe-9d6e-1cbf14b191f6','Lackie','30 Spohn Court','332-590-1601',95175),('1d112f95-6d05-4292-8583-d8cd60a0efb0','Hardern','322 Petterle Point','513-408-4268',29679),('1d1f6c7c-9078-4d8d-838f-49ee419d8517','Chellam','215 Hudson Junction','691-509-5404',46970),('1ebfabd5-5f41-49dd-872e-0c3a36fcc7ce','Santarelli','1 Judy Point','217-360-5635',12275),('1f5672f1-e08c-405b-af28-b97f16499770','Caldera','1862 Coolidge Hill','337-190-6049',95175),('1f77beb4-debb-4181-a548-656f6520f66e','Karlsson','52 Huxley Road','649-657-3311',12275),('232cc734-d150-4820-8da6-cec351cfab61','Eccles','574 4th Court','902-577-9953',88714),('25fb63be-ff00-4fef-8233-54078abe2d74','Habbert','6102 Jay Avenue','517-102-1223',58077),('27754b7f-3304-4bf9-a2b3-552286964864','Francke','2560 West Avenue','413-254-9318',46970),('2829dd60-ffad-4f95-9fcd-b0799f5c6fe9','Saltsberg','8394 Melody Lane','998-706-2916',47003),('2b53c053-21dc-495e-a1da-408ec8564f06','Gravenor','992 Upham Circle','950-768-2586',14241),('2b8fed76-80c1-44ea-b70a-f9fc85ee0ab0','Mecchi','11758 Forest Run Alley','847-836-3311',95175),('2b980ae5-1a2e-42d4-94b1-da9a8e72c795','Brunnen','39 Alpine Avenue','758-786-9881',12275),('2f948222-6321-4b00-b354-204837df663a','Ughetti','80 Dunning Hill','806-136-0516',47003),('2fa1b08b-ed4b-47bd-a85d-852611490aaf','Adran','21 Mitchell Center','300-895-8095',58077),('308742af-f5ed-4cbe-a888-c839d26e588a','Jeskin','313 Monterey Plaza','376-739-0360',58077),('30d6e003-e209-4665-9d76-2081c195c8b3','Pettitt','52359 Ludington Road','771-321-9623',12275),('32f65d06-3dab-455e-957a-0721d898ae65','Blackah','9 Lyons Drive','285-750-4164',47003),('364a6de1-0cfd-438a-822c-9b698de20646','Harring','82386 Scott Crossing','434-842-5506',58077),('3734aeda-5693-4c46-a0e3-f98e205708b0','Hannabus','60296 Texas Place','757-677-6853',14241),('376ea8b9-aab1-4ac9-8dde-c110fa9d056e','Kmicicki','9261 Schurz Crossing','347-383-3957',29679),('381c2a05-dd3d-476f-a283-60fa201cb06b','Stubs','258 Sundown Avenue','842-946-4418',95175),('38b5bf8b-151d-4aa5-8cfc-5ac31eaa26b6','McOwen','0 Surrey Alley','339-614-9466',95175),('38bceb1d-6c3d-40e8-8b49-c8a10a17730b','Toseland','61461 Carioca Drive','991-380-1755',47003),('3a576219-af54-408f-a4f8-3cdc87ac9fb5','Hub','56 Eliot Parkway','186-478-7139',95175),('3d342906-60c5-4a32-b058-14dd61419714','Klementz','384 Hintze Court','218-333-8149',70644),('3d593312-7f74-4626-b3ed-c989ed85f502','Pauncefort','960 Hallows Street','225-124-3488',12275),('3e2f6fc1-2d14-4de3-ad39-657ae3737697','Adrianello','51278 Algoma Way','734-513-9545',12275),('3e335dc2-fbfc-4882-ba51-b196624850f7','Jurasek','3 Harper Street','183-930-1634',95175),('3e4a2d37-d315-4842-a6e6-295ed8580158','Radbourne','4 Melby Parkway','819-825-5208',95175),('40db15a6-9b19-4132-9826-3849ec48e4cf','Joy','183 Bashford Street','723-461-3398',58077),('4113e9f1-78b0-4a90-90fd-d1c60a720000','Mullany','247 Jana Way','204-904-1281',70644),('42931fa7-019b-483c-b184-2522dc05d43b','McCord','4940 Bobwhite Crossing','656-700-9148',58077),('43070f2a-812a-49b8-b6ae-335887bbe133','Hailston','44025 Schmedeman Trail','278-155-7213',29679),('44e44739-e928-43e2-a4e3-9ab5a6461434','Jennison','744 Scott Park','215-173-8979',58077),('46bdfbd3-76bb-40ad-a93b-8864ab8027c1','Blowne','18 Hermina Road','377-552-4819',88714),('491d20da-7222-446f-bc29-5da31ba3f750','Rosberg','248 Kenwood Lane','625-408-2389',95175),('493d35d8-1b97-4380-ae87-8391f8685f95','Kernock','0 Schmedeman Alley','604-504-9858',46970),('4964755b-b7ea-4e07-86b1-1891436c3272','Benedyktowicz','58181 Gulseth Point','507-492-4869',12275),('49a0d5f5-28f4-4491-bc40-6d7619365938','Dykas','82320 Aberg Point','146-252-5466',29679),('4ae2aadd-2259-43bc-8505-41d7e852b7b0','Sprague','35498 Melrose Point','486-222-9839',46970),('4c120f14-3336-4875-b416-4a7f03f04fff','Warrick','30396 Nancy Hill','236-395-0800',88714),('4e5571e2-fba8-475d-ae31-fc22fd78a1e4','Cocks','98246 Prairie Rose Crossing','256-134-2129',95175),('50e9847e-885c-4843-9962-66fbe94a863f','Raubheim','81762 Kinsman Circle','158-687-3068',47003),('5367c5c8-1f5b-4147-9201-941ebc66d31a','Begbie','641 Packers Park','405-320-3503',95175),('5656d079-18fc-4bc5-a57f-9d76daa9d1ad','Stanfield','83 Nevada Court','830-979-3444',95175),('5833c2c7-f2d1-485c-8aa8-d6fe14e53ae0','Massingberd','1 Forest Dale Parkway','341-890-0236',12275),('59c79f10-66b1-4a92-982a-a63552f7d23c','Cotelard','0 Surrey Road','799-817-4776',29679),('5caebe22-84c4-4172-bc6a-a6d9546fa31f','Forde','686 Glendale Alley','885-632-6868',12275),('6066a157-22eb-43b8-810d-c2d0adfd5d94','Le Provest','4180 Rieder Lane','382-207-8450',58077),('616d3a42-485f-4e53-a855-5f0d4dc4d5fe','Sweetman','908 Merchant Hill','332-221-1297',46970),('61b03224-81bb-4218-b688-6c638d072d6f','Sankey','7443 Main Center','402-254-2882',29679),('62ef747d-769d-411a-8392-28a46f9e677e','McMurraya','2687 Mandrake Place','915-510-2186',88714),('6319ec06-8618-4993-94ca-13056aa5cfcd','Newling','934 Sachtjen Drive','127-562-8614',46970),('63ae8f0b-1393-4843-a59d-dbdec3d0c91b','Titterton','4 Portage Place','819-345-7501',70644),('6512b151-e7b3-4ead-9076-d97983816b10','Yakobowitz','77 Maywood Crossing','397-528-9808',70644),('65d0d5fe-a093-4bc0-a791-d062ef7587c9','Sute','5429 Dovetail Drive','507-382-1452',70644),('67aad283-6193-40f5-af57-f427795d4e20','Gormally','02 Briar Crest Pass','419-939-6681',12275),('690b7098-ece3-4591-bf36-9ff65b75c1c0','Naerup','5022 Anhalt Way','366-415-6760',12275),('6a8f6b8c-d41b-40c0-932e-fa44755c4840','Colchett','261 Amoth Place','916-797-0204',95175),('6b86fa48-a139-4585-bc1e-12c8a6b1d0dd','McKerley','1 Northridge Way','119-213-8174',46970),('6b9f8191-2afa-441a-9484-883931834a70','Sercombe','35 Prairie Rose Avenue','358-424-4168',70644),('6c55e46e-b261-4c08-adc9-38c07e60e25f','Vlasenkov','4 Jenifer Court','610-652-5958',93553),('6c67d64d-b7b4-4089-bf8f-b8ce9599ac71','Kreutzer','25 Tennessee Terrace','585-670-4727',58077),('6d761af3-768f-4507-b85e-0f7b126959ce','Harkin','8335 Eliot Court','553-238-8678',95175),('6d958da9-ee5e-46ed-8669-1d542f53b29e','Oxterby','6458 Maywood Crossing','370-277-2560',88714),('6e506dfd-78d3-4468-b941-86b52919034c','McRobert','8998 Chive Terrace','355-202-9981',88714),('6e59ba46-dc19-4c46-8490-1547e4115bf8','Whapples','952 Helena Crossing','969-857-2237',14241),('7010c6db-c316-4536-bc51-16ddf2f669f5','Doumerc','62033 Lindbergh Way','639-715-4565',93553),('70c72efb-c49f-4df1-b207-bb6355b85bc4','Ripping','76097 Dapin Pass','196-251-4754',93553),('711ad6f2-2b15-4b2b-a3cf-333f44e546d8','Guyet','5 Elmside Alley','428-799-3709',29679),('7707c59f-7294-460f-ad46-c8ff82206f52','Gladden','80 Bartillon Road','718-483-6835',70644),('77d14ee8-a201-4c1d-9fa2-8663fa8c74b2','Shapcott','12 Mallard Parkway','889-879-6533',29679),('7856f01d-0179-43c2-a1c8-e984fc7cf63c','Lisle','08 Old Shore Park','173-912-4164',14241),('79c00588-049a-4ea4-9447-019719377cd8','Kenner','79259 Northwestern Crossing','277-712-7119',58077),('79e3238e-f721-4dc3-958c-dd2c43408af2','Nicolls','2 Magdeline Junction','962-824-5150',47003),('7a108e8b-b181-449d-a254-713c80c72958','Martinets','72 Erie Crossing','205-294-4031',58077),('7c076a13-233c-4f32-a6fd-f2428152e74e','Warton','9063 Old Shore Alley','202-905-4128',88714),('7e52a9c6-d85a-46b2-98fe-c09ee680e136','Attock','1862 Huxley Circle','527-850-2583',47003),('7e7314e9-f28b-4f73-8d5a-332cfa134e51','Dorgon','98 Lukken Plaza','312-846-4839',29679),('7fb171d7-9c30-48db-94ad-dee95a932bee','Georger','130 Spohn Avenue','368-958-6507',88714),('809dd1bc-4f1a-4096-b2c1-6e77dd3b6183','McGillivray','8 Mitchell Drive','457-403-0765',93553),('80f7a20b-01e7-4e0f-87fa-2173a4e7ce00','Ingre','526 Fuller Center','427-111-2257',93553),('81c02cec-e817-45f7-a138-7f3f0bd38dc0','Mattecot','26310 Mayer Way','132-877-3726',29679),('839819d0-e6c1-4915-bef2-2340e43d2114','Shrawley','4 Continental Place','210-314-2209',93553),('860ff71b-7fd5-40fe-a069-7b0ea44efe52','Tesdale','782 Granby Drive','882-360-4621',95175),('882b7475-eeed-4dc2-abe3-3515b2c7837c','Sketh','4 Sachtjen Crossing','695-773-7330',58077),('8929fa1c-b754-4f40-9ac1-e1376e1302bd','Aberdalgy','0 Oriole Place','303-231-4681',14241),('89c3e46c-72d4-4f01-82b7-9d49d03ce178','Behnen','2693 Green Pass','671-136-3471',14241),('8b3c9888-6cc4-4fde-9c48-aa34993144a2','MattiCCI','674 Beilfuss Road','297-666-2552',47003),('8c09f549-733d-4bf1-8109-ca1a54f02b7f','Flarity','5 Maryland Pass','156-220-7655',88714),('8c3a5063-0aab-4f33-90de-0090ebe022a8','Kirwin','34525 Grover Parkway','304-370-5669',58077),('8e88be6a-fb13-4686-a667-8c7a42205978','Verralls','0 Katie Circle','468-332-0323',14241),('90304c53-b9f1-481f-add2-5955e60de934','Beardon','7 Jenna Parkway','640-649-9980',46970),('923bf144-a260-4eb1-acca-0598d463779b','Bau','3 Crownhardt Lane','971-150-7196',70644),('92ec4119-e132-4546-992d-5bc63e3c8b67','Heinzel','849 Johnson Point','982-201-9867',95175),('93ba3702-3c54-461c-b6ac-fa6e55b3594d','Wallman','9367 Golf Junction','971-766-1130',46970),('951f3fd6-354c-43b9-9169-170ddab7b9b8','Marques','6 Jenifer Hill','559-912-6836',46970),('95534d65-5095-4c71-91af-eb8426023cc6','Bachman','19 Browning Alley','223-758-0186',14241),('95559437-8a22-4c28-8319-b43419e717a2','Jasik','141 Steensland Junction','641-651-1479',29679),('956c1a04-f4bc-4297-9ccd-43dfb730990c','Mutimer','437 Oak Valley Way','122-503-3954',14241),('95d84d93-1d79-4c96-b23e-65232da6faf9','Autin','193 Larry Point','489-663-0640',70644),('9730d1f6-6121-45cd-b922-e06e19451964','Rivenzon','7 Loeprich Point','903-445-5076',93553),('97b5922c-ee18-47c7-8220-7ce4a5a5cbe5','Andriveau','21958 Hoard Park','469-313-3778',70644),('981d41cc-b355-4793-85ba-4fcd66a7c003','Skillern','84 Sachtjen Circle','747-652-4183',88714),('98801e46-8ec4-420b-875f-d1f05164b14e','Uc','37 Scofield Street','804-713-3496',88714),('9ded43d3-1d9b-4b53-bcdf-294ee9549f07','Gregolotti','9 Superior Park','770-910-5205',14241),('9e3250f1-45b5-4235-b7d7-1d42a694c9d8','Casely','793 Longview Crossing','488-545-7245',70644),('9fad4601-4544-4d87-b18a-46eb6f0e9237','Clowes','445 7th Center','445-854-2336',12275),('a0c1d2e9-9693-4816-9368-d507bfae57ae','Mughal','5 Buhler Park','256-422-1884',70644),('a0e77010-352e-4a64-9cb7-3858105d0e77','MacBain','17504 Pennsylvania Road','952-836-0790',93553),('a1611045-73bc-423d-aabe-12197049a297','Bourgour','049 Florence Drive','423-838-0931',47003),('a1b9f588-a37d-4e98-acd6-2ccb369d06f6','Fewlass','449 Alpine Center','249-307-9336',46970),('a2749ed0-3d9b-4e05-808b-466045440d31','Kohnemann','9 Lakewood Gardens Circle','647-919-4025',93553),('a3c35fe1-a55a-47c5-af75-a71f0181ed51','Probin','16 Dahle Lane','650-838-0154',88714),('a3e74e62-52bd-47bd-a4c8-63c35d591c62','Codi','97 Ramsey Plaza','213-911-2578',88714),('a416f48f-a94d-40ae-a951-bcfb8f840bb2','Ulyet','5512 Ronald Regan Alley','103-199-1538',29679),('a4960f74-941e-4732-9097-0b9c03b61e62','Patel','54562 Bashford Terrace','560-956-0265',29679),('a4d60dc5-56a4-48c0-a3b6-6da2bd5beaab','Syfax','77786 Upham Way','617-141-0129',88714),('a5d3ea17-c800-4cfb-a412-4ce7b43066d7','Zahor','42 Truax Way','437-725-8115',47003),('a5d69089-28eb-4cfa-9ece-5fca34cfb33d','Prestedge','79154 Arkansas Crossing','474-524-8183',70644),('a6e1293b-9f59-4e39-813f-1c6bf33d507a','Tossell','29 Summit Court','235-701-1498',58077),('ae4b9814-ad4a-4d09-a2ac-8a7cd954f517','Breadon','6832 Swallow Center','956-773-5173',88714),('b0b3a6ad-428b-4645-99ef-b46397bb08e1','Peasegod','226 Reinke Hill','165-994-1096',14241),('b11ff8b5-0af8-487b-9e60-e22ecf3fed0d','Couroy','1828 Brickson Park Road','630-787-5606',93553),('b2284e2d-ffbe-4493-93b4-702343e4273f','Cow','269 Helena Way','442-586-6077',46970),('b42efb38-6746-4612-ae45-af30674e1735','Britt','274 Stang Hill','808-108-7673',47003),('b6a2cd12-2698-47e5-8dbe-f88c2b9623e9','Carnell','731 Northview Lane','458-529-9253',88714),('bac0f08c-beeb-4bd5-89a7-34edeb52efc9','Beveredge','2 Oakridge Plaza','147-406-8635',93553),('bb946772-5ab8-4d8c-82ec-0f142f8bcace','Boice','1 Eggendart Way','179-809-8010',70644),('bdbde24c-09d0-4cbc-9988-500d79b46c04','Sivess','80272 Merry Circle','194-808-4710',70644),('be22c200-809c-4f43-8b64-58d977e72b2f','Americi','9 Lawn Road','773-112-1984',12275),('c0b28ae1-2b01-45c7-b8b2-aae2b665a765','Buist','3 Blackbird Point','135-891-2836',47003),('c0d70fc6-2851-449a-abb6-debebfdfd82b','Ashlee','0070 Judy Hill','650-390-3793',47003),('c2212ac3-202a-420a-8d0f-4abf1a0e977c','Bumfrey','13 Coolidge Avenue','705-136-7885',70644),('c27520b5-52d7-43c5-ae78-d6f6d99e2cc6','Brabham','5 Dixon Crossing','145-526-3047',46970),('c29bd840-0651-436a-bd26-a01517b21ddf','MacLoughlin','025 Bunting Junction','749-830-7533',47003),('c41b420d-0c94-443d-a6c5-c83d05c39c7f','Abraham','0873 Luster Way','374-659-2258',88714),('c4c340e2-aab8-4eae-ac78-68fd74f2fa4d','Element','9 Meadow Ridge Parkway','855-232-3621',29679),('c69060d5-8cbe-4e22-b0d4-3fbe949fd2a4','Mingaye','48573 Utah Avenue','548-805-9211',14241),('c6bfa621-de8e-4b6d-8139-b0c4e0552d45','Ricco','47353 Logan Plaza','174-205-2146',47003),('c79287d5-f1f3-4d45-9637-36ee13396ae3','Float','277 Hudson Center','969-723-5487',93553),('c7c7d6bd-8aaa-4954-981f-b66a2aacebdc','Semrad','194 Sommers Crossing','896-981-8765',46970),('c816a4e0-c449-47a7-9c09-c6a43cc50c62','Blaasch','084 Hazelcrest Circle','182-443-7030',47003),('ca577222-3b18-46e3-bbc2-9856e25f7312','Toun','091 Mosinee Court','760-779-0274',58077),('cc4cabe1-8e86-40b1-9cc7-829d028480b8','Darrow','694 Golf Junction','876-440-8632',47003),('cc4fea17-5c39-4c76-a4f0-db4962263201','Glascott','4317 Rieder Pass','316-406-8737',46970),('ce3699cc-b511-4530-b40b-dfda10b97521','Briatt','4 Toban Road','852-569-2532',12275),('d076ba70-b877-4502-8f85-9e8506bb78b1','MacGaughey','5682 Mosinee Avenue','216-300-4691',95175),('d0869219-049c-433f-b718-b5b86360d2dc','O\'Sherrin','6404 Corben Drive','347-449-8747',88714),('d1a4b9cc-713f-4ca8-a4d5-1b8ddbfb57f1','Wooff','01 Barby Road','881-405-1324',14241),('d2ac681b-d1d2-4e65-8500-5f49f646077d','MacGorrie','084 Reinke Terrace','260-980-3991',46970),('d3a77c5a-9466-445b-8b50-2bc2dc13fc6e','Binns','961 Lawn Alley','200-216-7659',93553),('d3e83cd5-fdb6-489f-aed0-449c7268737d','Fahy','09535 Quincy Circle','330-358-6576',58077),('d3e931ba-20f6-4603-8de0-b9a07b81e874','Corington','3 Iowa Avenue','578-259-0479',70644),('d574208a-25c1-43ef-bf02-6d912514117f','Raynor','4033 5th Center','444-698-6142',14241),('d58949f7-11b1-49c1-b5b6-1fa38e6a400f','Frigot','54 Nancy Court','112-109-5319',47003),('d8c382e3-8e56-46ee-9568-49125f2b54e6','Butchart','7020 Rowland Alley','250-716-9916',12275),('d9433c21-0019-45d0-967e-d9e2add94a3d','Gadsby','88132 Annamark Road','777-706-6158',58077),('dbc6c02e-e77c-4dd7-ac72-a260549e9e04','Morena','8222 Hooker Road','266-747-1646',46970),('dcd1f905-d23a-47c1-b4d1-bdfed522d9f6','Conen','40 Carioca Trail','938-987-3672',29679),('dd00eb03-822e-42a4-b86f-238028c7ed68','Rablin','49532 Cody Hill','949-178-3640',29679),('dd48e1cf-13aa-4da7-8326-1615f5c80387','Catonne','5 Moland Parkway','500-641-3117',14241),('df253c0f-ecda-4ef3-b6ba-6afbb48c15b0','Dirkin','84 International Pass','252-611-3884',14241),('dfbd3f63-09dc-4d33-b925-cf63af687ede','Hamsson','958 Dapin Parkway','533-439-9660',46970),('e2c6b4f4-d494-4936-ac17-1b9e6143c99a','Jorissen','908 Swallow Junction','753-934-2652',93553),('e5054785-7839-4703-a0bb-14c6f0a07299','Stonestreet','2 Glendale Place','425-797-9057',95175),('e73f34a4-1591-43ea-95a1-f2736bb1de29','Malenfant','22042 Pawling Street','680-824-6293',93553),('e7d66ee7-0c57-42e6-aaef-32e0d110fb17','Saul','1527 Pine View Terrace','183-423-3810',14241),('eaaa1515-1253-4dc7-9b28-fa473b803941','Jerrand','46 Dorton Pass','606-603-0383',95175),('eabb0151-9764-4325-8ab7-e22b6548c244','Trank','95054 Sommers Alley','331-262-2335',14241),('ec10b0bb-312c-42dc-9ef2-2053c7341ff4','Knotton','869 Atwood Place','990-583-4585',29679),('ece6ace0-0d08-4c8f-aabe-57e2d35840e6','Kalb','78 Fallview Way','354-351-2869',93553),('efeabcef-074f-489f-b77c-6a8b24caa76d','Gobeaux','2 Warbler Terrace','782-232-1387',12275),('f03f7424-8a71-4624-ab11-09efb08118e8','Linnock','98 Hazelcrest Circle','352-757-9060',58077),('f08c7111-ea2d-410c-8820-af2f8eeea549','Clissell','7 Cody Way','246-554-6012',12275),('f27231fe-17f0-427f-967e-29a697546874','Pethybridge','343 Lillian Terrace','605-666-3244',12275),('f6bca997-5b83-4982-8284-e41412ef562a','Speek','959 Melrose Avenue','983-224-8441',95175),('f797d2d0-77da-4f20-abdd-309a32d6df0c','Dives','272 Sauthoff Circle','665-413-0600',29679),('f7a862a8-ade1-48e8-8688-76fd58a60a3a','Dunleavy','24158 Onsgard Plaza','799-408-8787',46970),('f8a33b3a-c112-4418-bb32-1104def0bf57','McCart','71 Troy Park','460-632-2746',70644),('f93710eb-2e40-4dc9-a871-574a26a96b87','Hannan','4 Memorial Alley','303-510-9285',29679),('f9787c0a-6f33-41de-9c06-11b8bc4a0559','Lamort','845 Scoville Lane','669-353-6899',46970),('fa52c71f-15ec-418a-831a-63f83d847232','Mullord','58 Hanover Way','115-779-9762',12275);
/*!40000 ALTER TABLE `e` ENABLE KEYS */;
UNLOCK TABLES;

--
-- Table structure for table `mo`
--

DROP TABLE IF EXISTS `mo`;
/*!40101 SET @saved_cs_client     = @@character_set_client */;
/*!50503 SET character_set_client = utf8mb4 */;
CREATE TABLE `mo` (
  `OID` varchar(40) DEFAULT NULL,
  `BC_TID` int DEFAULT NULL,
  `D_TID` varchar(40) DEFAULT NULL,
  KEY `OID` (`OID`),
  KEY `BC_TID` (`BC_TID`),
  KEY `D_TID` (`D_TID`),
  CONSTRAINT `mo_ibfk_1` FOREIGN KEY (`OID`) REFERENCES `od` (`OID`),
  CONSTRAINT `mo_ibfk_2` FOREIGN KEY (`BC_TID`) REFERENCES `bc` (`BC_TID`),
  CONSTRAINT `mo_ibfk_3` FOREIGN KEY (`D_TID`) REFERENCES `d` (`D_TID`)
) ENGINE=InnoDB DEFAULT CHARSET=utf8mb4 COLLATE=utf8mb4_0900_ai_ci;
/*!40101 SET character_set_client = @saved_cs_client */;

--
-- Dumping data for table `mo`
--

LOCK TABLES `mo` WRITE;
/*!40000 ALTER TABLE `mo` DISABLE KEYS */;
INSERT INTO `mo` VALUES ('135.26',14241,'608.13'),('212.142',58077,'624.77'),('258.593',70644,'646.63'),('141.67',12275,'584.24'),('173.773',88714,'545.51'),('181.16',70644,'574.12'),('288.407',93553,'676.45'),('205.659',93553,'594.84'),('146.032',12275,'562.15'),('203.862',14241,'575.29'),('187.665',14241,'608.13'),('279.619',47003,'624.77'),('208.901',95175,'646.63'),('208.053',14241,'584.24'),('119.765',93553,'545.51'),('210.619',70644,'574.12'),('143.922',14241,'676.45'),('275.344',70644,'594.84'),('158.486',95175,'562.15'),('106.314',29679,'575.29'),('154.909',14241,'608.13'),('122.738',93553,'624.77'),('227.495',46970,'646.63'),('289.781',93553,'584.24'),('219.102',12275,'545.51'),('213.46',46970,'574.12'),('172.234',70644,'676.45'),('243.695',29679,'594.84'),('133.184',93553,'562.15'),('232.56',46970,'575.29'),('199.844',93553,'608.13'),('254.041',46970,'624.77'),('286.6',14241,'646.63'),('279.47',12275,'584.24'),('209.266',95175,'545.51'),('152.861',14241,'574.12'),('270.714',46970,'676.45'),('160.3',88714,'594.84'),('216.484',14241,'562.15'),('135.023',47003,'575.29'),('261.674',95175,'608.13'),('161.644',95175,'624.77'),('224.72',47003,'646.63'),('184.129',29679,'584.24'),('149.153',14241,'545.51'),('293.382',58077,'574.12'),('206.503',46970,'676.45'),('293.152',58077,'594.84'),('269.292',95175,'562.15'),('282.135',88714,'575.29'),('170.098',29679,'608.13'),('291.349',14241,'624.77'),('152.321',58077,'646.63'),('153.081',47003,'584.24'),('132.402',12275,'545.51'),('187.024',95175,'574.12'),('172.869',29679,'676.45'),('181.553',88714,'594.84'),('100.877',12275,'562.15'),('292.597',46970,'575.29'),('112.434',12275,'608.13'),('102.248',93553,'624.77'),('174.556',46970,'646.63'),('105.41',47003,'584.24'),('246.511',47003,'545.51'),('265.608',93553,'574.12'),('169.225',46970,'676.45'),('109.675',70644,'594.84'),('178.981',46970,'562.15'),('108.833',93553,'575.29'),('217.011',29679,'608.13'),('242.495',88714,'624.77'),('101.67',47003,'646.63'),('179.212',47003,'584.24'),('262.102',14241,'545.51'),('192.542',29679,'574.12'),('162.197',93553,'676.45'),('246.49',58077,'594.84'),('279.723',70644,'562.15'),('260.192',88714,'575.29'),('236.559',58077,'608.13'),('268.387',46970,'624.77'),('290.37',47003,'646.63'),('134.06',88714,'584.24'),('191.139',88714,'545.51'),('170.381',70644,'574.12'),('172.02',14241,'676.45'),('189.291',88714,'594.84'),('107.015',70644,'562.15'),('246.593',93553,'575.29'),('248.097',46970,'608.13'),('239.685',70644,'624.77'),('144.252',58077,'646.63'),('282.218',88714,'584.24'),('215.378',47003,'545.51'),('112.689',93553,'574.12'),('201.829',14241,'676.45'),('176.65',93553,'594.84'),('203.001',47003,'562.15'),('114.642',14241,'575.29'),('174.126',95175,'608.13'),('105.565',29679,'624.77'),('138.832',47003,'646.63'),('123.675',58077,'584.24'),('166.088',95175,'545.51'),('145.831',29679,'574.12'),('220.108',29679,'676.45'),('174.373',47003,'594.84'),('285.078',58077,'562.15'),('203.923',88714,'575.29'),('226.767',29679,'608.13'),('124.468',14241,'624.77'),('204.349',29679,'646.63'),('132.978',47003,'584.24'),('208.935',12275,'545.51'),('243.359',29679,'574.12'),('289.104',88714,'676.45'),('285.25',12275,'594.84'),('203.806',29679,'562.15'),('147.116',14241,'575.29'),('276.323',93553,'608.13'),('158.214',88714,'624.77'),('242.925',93553,'646.63'),('226.203',47003,'584.24'),('175.657',88714,'545.51'),('297.664',88714,'574.12'),('263.397',95175,'676.45'),('218.77',29679,'594.84'),('276.928',46970,'562.15'),('189.081',58077,'575.29'),('135.47',12275,'608.13'),('201.061',29679,'624.77'),('252.181',46970,'646.63'),('278.94',14241,'584.24'),('195.349',12275,'545.51'),('219.553',12275,'574.12'),('229.855',12275,'676.45'),('284.182',14241,'594.84'),('166.548',29679,'562.15'),('252.303',70644,'575.29'),('222.819',12275,'608.13'),('274.47',88714,'624.77'),('203.371',12275,'646.63'),('286.712',12275,'584.24'),('201.525',47003,'545.51'),('290.481',95175,'574.12'),('165.152',14241,'676.45'),('264.05',88714,'594.84'),('202.379',70644,'562.15'),('108.909',88714,'575.29'),('278.768',88714,'608.13'),('154.897',88714,'624.77'),('271.761',46970,'646.63'),('203.521',95175,'584.24'),('215.844',46970,'545.51'),('287.215',93553,'574.12'),('113.08',14241,'676.45'),('214.726',47003,'594.84'),('170.74',14241,'562.15'),('103.261',88714,'575.29'),('209.578',12275,'608.13'),('150.008',70644,'624.77'),('195.281',58077,'646.63'),('126.304',46970,'584.24'),('257.906',88714,'545.51'),('120.652',47003,'574.12'),('242.381',29679,'676.45'),('157.325',12275,'594.84'),('190.432',12275,'562.15'),('235.812',95175,'575.29'),('128.573',88714,'608.13'),('281.156',29679,'624.77'),('241.907',14241,'646.63'),('203.882',58077,'584.24'),('208.8',70644,'545.51'),('133.417',12275,'574.12'),('254.003',46970,'676.45'),('281.093',95175,'594.84'),('105.679',12275,'562.15'),('195.474',93553,'575.29'),('168.71',47003,'608.13'),('109.825',47003,'624.77'),('218.704',70644,'646.63'),('267.739',14241,'584.24'),('125.878',14241,'545.51'),('262.306',29679,'574.12'),('298.943',12275,'676.45'),('272.651',12275,'594.84'),('227.468',12275,'562.15'),('181.785',70644,'575.29'),('170.467',88714,'608.13'),('256.462',95175,'624.77'),('206.32',58077,'646.63'),('110.71',58077,'584.24'),('218.369',93553,'545.51'),('280.696',58077,'574.12'),('275.3',88714,'676.45'),('162.737',58077,'594.84'),('119.367',46970,'562.15'),('182.086',88714,'575.29'),('259.356',12275,'608.13'),('209.478',29679,'624.77'),('233.288',47003,'646.63'),('135.764',88714,'584.24'),('242.616',47003,'545.51'),('296.552',29679,'574.12'),('149.044',88714,'676.45'),('296.489',88714,'594.84'),('143.404',12275,'562.15'),('159.951',93553,'575.29'),('162.848',47003,'608.13'),('228.236',29679,'624.77'),('236.069',46970,'646.63'),('233.809',95175,'584.24'),('260.152',29679,'545.51'),('160.903',93553,'574.12'),('167.602',93553,'676.45'),('179.611',70644,'594.84'),('290.9',70644,'562.15'),('119.35',47003,'575.29'),('164.259',93553,'608.13'),('208.119',12275,'624.77'),('142.683',95175,'646.63'),('234.151',14241,'584.24'),('210.001',58077,'545.51'),('288.218',46970,'574.12'),('196.671',88714,'676.45'),('183.412',46970,'594.84'),('138.783',88714,'562.15'),('292.315',46970,'575.29'),('270.621',14241,'608.13'),('292.529',29679,'624.77'),('140.95',88714,'646.63'),('228.638',93553,'584.24'),('201.144',95175,'545.51'),('199.865',70644,'574.12'),('217.679',47003,'676.45'),('286.403',46970,'594.84'),('215.902',70644,'562.15'),('215.974',58077,'575.29'),('205.409',29679,'608.13'),('249.207',70644,'624.77'),('178.058',58077,'646.63'),('208.926',46970,'584.24'),('257.443',93553,'545.51'),('247.618',95175,'574.12'),('113.887',47003,'676.45'),('259.341',58077,'594.84'),('259.239',88714,'562.15'),('148.503',88714,'575.29'),('130.533',70644,'608.13'),('173.069',70644,'624.77'),('150.493',14241,'646.63'),('293.245',88714,'584.24'),('145.531',70644,'545.51'),('139.605',29679,'574.12'),('260.45',88714,'676.45'),('185.598',95175,'594.84'),('251.217',47003,'562.15'),('215.03',93553,'575.29'),('275.718',70644,'608.13'),('259.988',70644,'624.77'),('230.404',88714,'646.63'),('115.765',70644,'584.24'),('245.559',47003,'545.51'),('183.369',70644,'574.12'),('237.832',29679,'676.45'),('229.963',58077,'594.84'),('282.08',47003,'562.15'),('269.332',93553,'575.29'),('112.595',14241,'608.13'),('102.321',95175,'624.77'),('237.765',12275,'646.63'),('114.235',47003,'584.24'),('118.047',93553,'545.51'),('168.61',58077,'574.12'),('156.458',95175,'676.45'),('236.258',29679,'594.84'),('207.793',46970,'562.15'),('134.977',70644,'575.29'),('195.212',93553,'608.13'),('156.985',95175,'624.77'),('151.565',14241,'646.63'),('177.493',12275,'584.24'),('162.562',95175,'545.51'),('180.15',29679,'574.12'),('186.775',12275,'676.45'),('276.104',46970,'594.84'),('229.081',29679,'562.15'),('231.909',93553,'575.29'),('198.186',88714,'608.13'),('234.653',46970,'624.77'),('149.683',88714,'646.63'),('128.749',95175,'584.24'),('204.844',70644,'545.51'),('242.157',88714,'574.12'),('113.214',70644,'676.45'),('108.823',29679,'594.84'),('261.923',14241,'562.15'),('280.266',12275,'575.29');
/*!40000 ALTER TABLE `mo` ENABLE KEYS */;
UNLOCK TABLES;

--
-- Table structure for table `od`
--

DROP TABLE IF EXISTS `od`;
/*!40101 SET @saved_cs_client     = @@character_set_client */;
/*!50503 SET character_set_client = utf8mb4 */;
CREATE TABLE `od` (
  `OID` varchar(40) NOT NULL,
  `Bname` varchar(40) DEFAULT NULL,
  `quantity` varchar(40) DEFAULT NULL,
  `total` varchar(40) DEFAULT NULL,
  `date` date DEFAULT NULL,
  PRIMARY KEY (`OID`),
  KEY `Bname` (`Bname`),
  CONSTRAINT `od_ibfk_1` FOREIGN KEY (`Bname`) REFERENCES `br` (`Bname`)
) ENGINE=InnoDB DEFAULT CHARSET=utf8mb4 COLLATE=utf8mb4_0900_ai_ci;
/*!40101 SET character_set_client = @saved_cs_client */;

--
-- Dumping data for table `od`
--

LOCK TABLES `od` WRITE;
/*!40000 ALTER TABLE `od` DISABLE KEYS */;
INSERT INTO `od` VALUES ('100.877','Hyena, spotted','310','5580','2022-03-06'),('101.67','Bustard, stanley','312','2808','2022-05-27'),('102.248','Kingfisher, malachite','251','4769','2022-11-01'),('102.321','Deer, spotted','460','8280','2022-12-24'),('103.261','Peacock, blue','270','2970','2022-12-22'),('105.41','Australian brush turkey','259','3885','2022-01-02'),('105.565','Porcupine, tree','471','6123','2022-12-15'),('105.679','Hyena, spotted','206','3708','2022-07-31'),('106.314','Porcupine, tree','218','2834','2022-05-22'),('107.015','South African hedgehog','296','4440','2022-03-10'),('108.823','Chickadee, black-capped','244','2928','2022-02-07'),('108.833','Duck, blue','423','6768','2022-12-08'),('108.909','Vulture, griffon','363','3993','2022-03-30'),('109.675','South African hedgehog','216','3240','2022-02-12'),('109.825','Bustard, stanley','205','1845','2022-05-30'),('110.71','Seal, common','374','2992','2022-01-22'),('112.434','Porcupine, african','326','6194','2022-12-09'),('112.595','Dusky gull','424','6360','2022-11-30'),('112.689','Duck, blue','419','6704','2022-08-28'),('113.08','Glider, sugar','442','4862','2022-03-01'),('113.214','Coyote','500','4000','2022-11-22'),('113.887','Australian brush turkey','370','5550','2022-06-25'),('114.235','Australian brush turkey','305','4575','2022-08-04'),('114.642','Fox, asian red','284','5112','2022-06-27'),('115.765','Coyote','206','1648','2022-11-28'),('118.047','Kingfisher, malachite','473','8987','2022-10-07'),('119.35','Australian brush turkey','351','5265','2022-02-04'),('119.367','Boar, wild','218','3924','2022-10-22'),('119.765','Duck, blue','367','5872','2022-05-22'),('120.652','Tortoise, indian star','431','6034','2022-04-19'),('122.738','Hippopotamus','483','9660','2022-12-13'),('123.675','Seal, common','426','3408','2022-12-09'),('124.468','Dusky gull','278','4170','2022-02-13'),('125.878','Fox, asian red','421','7578','2022-11-05'),('126.304','Boar, wild','437','7866','2022-12-04'),('128.573','Vulture, griffon','226','2486','2022-05-16'),('128.749','Crane, sandhill','363','6534','2022-01-08'),('130.533','South African hedgehog','394','5910','2022-12-24'),('132.402','Porcupine, african','475','9025','2022-06-23'),('132.978','Australian brush turkey','452','6780','2022-02-10'),('133.184','Kingfisher, malachite','449','8531','2022-01-08'),('133.417','Porcupine, african','410','7790','2022-09-14'),('134.06','Jackal, golden','257','4369','2022-11-20'),('134.977','Possum, common brushtail','465','3255','2022-07-30'),('135.023','Tortoise, indian star','242','3388','2022-09-06'),('135.26','Fox, asian red','403','7254','2022-02-16'),('135.47','Hyena, spotted','392','7056','2022-06-21'),('135.764','Peacock, blue','481','5291','2022-01-09'),('138.783','Peacock, blue','206','2266','2022-05-20'),('138.832','Bustard, stanley','321','2889','2022-12-02'),('139.605','Porcupine, tree','437','5681','2022-01-15'),('140.95','Peacock, blue','399','4389','2022-02-06'),('141.67','Hyena, spotted','486','8748','2022-11-26'),('142.683','Crane, sandhill','455','8190','2022-03-05'),('143.404','Hyena, spotted','410','7380','2022-01-25'),('143.922','Dusky gull','242','3630','2022-07-03'),('144.252','Barbet, levaillant\'s','470','8460','2022-07-02'),('145.531','Coyote','373','2984','2022-07-22'),('145.831','Tenrec, tailless','220','1980','2022-06-10'),('146.032','Porcupine, african','342','6498','2022-01-16'),('147.116','Glider, sugar','294','3234','2022-02-07'),('148.503','Vulture, griffon','487','5357','2022-08-05'),('149.044','Peacock, blue','425','4675','2022-06-30'),('149.153','Glider, sugar','424','4664','2022-01-13'),('149.683','Vulture, griffon','480','5280','2022-02-28'),('150.008','South African hedgehog','316','4740','2022-10-03'),('150.493','Glider, sugar','225','2475','2022-03-20'),('151.565','Glider, sugar','204','2244','2022-06-26'),('152.321','Barbet, levaillant\'s','426','7668','2022-02-15'),('152.861','Dusky gull','368','5520','2022-05-21'),('153.081','Australian brush turkey','233','3495','2022-07-07'),('154.897','Jackal, golden','443','7531','2022-06-09'),('154.909','Dusky gull','221','3315','2022-02-06'),('156.458','Deer, spotted','341','6138','2022-12-24'),('156.985','Crane, sandhill','322','5796','2022-09-15'),('157.325','Porcupine, african','422','8018','2022-10-02'),('158.214','Vulture, griffon','470','5170','2022-10-22'),('158.486','Deer, spotted','380','6840','2022-10-27'),('159.951','Hippopotamus','308','6160','2022-05-20'),('160.3','Peacock, blue','390','4290','2022-12-27'),('160.903','Kingfisher, malachite','429','8151','2022-12-20'),('161.644','Deer, spotted','220','3960','2022-06-27'),('162.197','Duck, blue','296','4736','2022-06-30'),('162.562','Bandicoot, long-nosed','350','3850','2022-08-05'),('162.737','Seal, common','374','2992','2022-03-25'),('162.848','Australian brush turkey','250','3750','2022-09-11'),('164.259','Kingfisher, malachite','344','6536','2022-11-11'),('165.152','Fox, asian red','473','8514','2022-08-24'),('166.088','Bandicoot, long-nosed','339','3729','2022-09-28'),('166.548','Porcupine, tree','414','5382','2022-12-18'),('167.602','Kingfisher, malachite','480','9120','2022-08-01'),('168.61','Seal, common','333','2664','2022-10-10'),('168.71','Bustard, stanley','213','1917','2022-08-06'),('169.225','Boar, wild','203','3654','2022-02-24'),('170.098','Chickadee, black-capped','276','3312','2022-01-06'),('170.381','Coyote','237','1896','2022-06-09'),('170.467','Jackal, golden','484','8228','2022-11-27'),('170.74','Fox, asian red','247','4446','2022-07-20'),('172.02','Glider, sugar','300','3300','2022-11-24'),('172.234','South African hedgehog','386','5790','2022-02-05'),('172.869','Porcupine, tree','256','3328','2022-08-03'),('173.069','Coyote','230','1840','2022-10-31'),('173.773','Jackal, golden','224','3808','2022-12-26'),('174.126','Bandicoot, long-nosed','431','4741','2022-03-11'),('174.373','Australian brush turkey','334','5010','2022-10-28'),('174.556','Roan antelope','285','4275','2022-12-02'),('175.657','Jackal, golden','409','6953','2022-03-28'),('176.65','Hippopotamus','448','8960','2022-01-09'),('177.493','Eastern dwarf mongoose','215','2580','2022-06-18'),('178.058','Barbet, levaillant\'s','442','7956','2022-06-10'),('178.981','Lemur, sportive','288','2880','2022-12-10'),('179.212','Bustard, stanley','356','3204','2022-10-02'),('179.611','Coyote','320','2560','2022-06-30'),('180.15','Chickadee, black-capped','218','2616','2022-11-16'),('181.16','South African hedgehog','461','6915','2022-07-15'),('181.553','Jackal, golden','279','4743','2022-05-11'),('181.785','Coyote','202','1616','2022-01-12'),('182.086','Peacock, blue','266','2926','2022-03-25'),('183.369','South African hedgehog','238','3570','2022-04-05'),('183.412','Roan antelope','494','7410','2022-09-20'),('184.129','Tenrec, tailless','208','1872','2022-11-18'),('185.598','Crane, sandhill','243','4374','2022-03-14'),('186.775','Eastern dwarf mongoose','221','2652','2022-01-28'),('187.024','Bandicoot, long-nosed','236','2596','2022-08-05'),('187.665','Glider, sugar','294','3234','2022-08-02'),('189.081','Barbet, levaillant\'s','443','7974','2022-02-07'),('189.291','Vulture, griffon','292','3212','2022-01-04'),('190.432','Hyena, spotted','372','6696','2022-12-21'),('191.139','Peacock, blue','255','2805','2022-06-25'),('192.542','Porcupine, tree','475','6175','2022-07-08'),('195.212','Duck, blue','426','6816','2022-01-28'),('195.281','Barbet, levaillant\'s','230','4140','2022-03-31'),('195.349','Porcupine, african','305','5795','2022-07-26'),('195.474','Duck, blue','341','5456','2022-02-20'),('196.671','Jackal, golden','359','6103','2022-08-08'),('198.186','Peacock, blue','407','4477','2022-09-09'),('199.844','Duck, blue','262','4192','2022-04-08'),('199.865','South African hedgehog','249','3735','2022-11-05'),('201.061','Tenrec, tailless','282','2538','2022-01-22'),('201.144','Deer, spotted','286','5148','2022-04-02'),('201.525','Bustard, stanley','284','2556','2022-06-29'),('201.829','Glider, sugar','424','4664','2022-06-14'),('202.379','Coyote','323','2584','2022-01-11'),('203.001','Tortoise, indian star','369','5166','2022-12-12'),('203.371','Eastern dwarf mongoose','271','3252','2022-05-16'),('203.521','Bandicoot, long-nosed','402','4422','2022-01-27'),('203.806','Chickadee, black-capped','223','2676','2022-09-18'),('203.862','Glider, sugar','351','3861','2022-11-16'),('203.882','Barbet, levaillant\'s','336','6048','2022-05-31'),('203.923','Jackal, golden','244','4148','2022-03-21'),('204.349','Tenrec, tailless','376','3384','2022-05-11'),('204.844','South African hedgehog','259','3885','2022-10-30'),('205.409','Chickadee, black-capped','479','5748','2022-11-26'),('205.659','Hippopotamus','397','7940','2022-04-18'),('206.32','Seal, common','299','2392','2022-05-06'),('206.503','Boar, wild','456','8208','2022-04-13'),('207.793','Boar, wild','480','8640','2022-12-04'),('208.053','Glider, sugar','407','4477','2022-12-28'),('208.119','Hyena, spotted','206','3708','2022-02-27'),('208.8','Possum, common brushtail','401','2807','2022-09-06'),('208.901','Bandicoot, long-nosed','246','2706','2022-04-26'),('208.926','Boar, wild','434','7812','2022-12-13'),('208.935','Eastern dwarf mongoose','486','5832','2022-06-24'),('209.266','Crane, sandhill','289','5202','2022-10-10'),('209.478','Tenrec, tailless','306','2754','2022-09-21'),('209.578','Porcupine, african','440','8360','2022-07-08'),('210.001','Seal, common','330','2640','2022-09-27'),('210.619','Possum, common brushtail','310','2170','2022-12-06'),('212.142','Seal, common','292','2336','2022-06-27'),('213.46','Roan antelope','322','4830','2022-08-14'),('214.726','Tortoise, indian star','395','5530','2022-03-28'),('215.03','Duck, blue','464','7424','2022-04-01'),('215.378','Tortoise, indian star','318','4452','2022-10-10'),('215.844','Boar, wild','440','7920','2022-06-05'),('215.902','South African hedgehog','373','5595','2022-01-21'),('215.974','Seal, common','218','1744','2022-03-09'),('216.484','Dusky gull','321','4815','2022-01-24'),('217.011','Chickadee, black-capped','261','3132','2022-04-17'),('217.679','Australian brush turkey','293','4395','2022-11-23'),('218.369','Kingfisher, malachite','460','8740','2022-05-30'),('218.704','South African hedgehog','395','5925','2022-09-28'),('218.77','Porcupine, tree','444','5772','2022-08-01'),('219.102','Eastern dwarf mongoose','481','5772','2022-07-08'),('219.553','Porcupine, african','488','9272','2022-02-16'),('220.108','Chickadee, black-capped','444','5328','2022-03-21'),('222.819','Eastern dwarf mongoose','374','4488','2022-01-31'),('224.72','Australian brush turkey','347','5205','2022-06-04'),('226.203','Bustard, stanley','329','2961','2022-06-09'),('226.767','Chickadee, black-capped','366','4392','2022-08-07'),('227.468','Eastern dwarf mongoose','419','5028','2022-10-14'),('227.495','Lemur, sportive','269','2690','2022-03-09'),('228.236','Chickadee, black-capped','494','5928','2022-08-15'),('228.638','Kingfisher, malachite','437','8303','2022-02-22'),('229.081','Chickadee, black-capped','342','4104','2022-07-28'),('229.855','Eastern dwarf mongoose','317','3804','2022-05-11'),('229.963','Barbet, levaillant\'s','437','7866','2022-12-04'),('230.404','Peacock, blue','313','3443','2022-12-18'),('231.909','Hippopotamus','267','5340','2022-03-04'),('232.56','Roan antelope','284','4260','2022-04-09'),('233.288','Australian brush turkey','284','4260','2022-04-03'),('233.809','Crane, sandhill','419','7542','2022-07-14'),('234.151','Fox, asian red','269','4842','2022-05-19'),('234.653','Roan antelope','244','3660','2022-08-17'),('235.812','Deer, spotted','406','7308','2022-07-02'),('236.069','Boar, wild','291','5238','2022-08-20'),('236.258','Porcupine, tree','204','2652','2022-05-06'),('236.559','Barbet, levaillant\'s','217','3906','2022-12-19'),('237.765','Eastern dwarf mongoose','316','3792','2022-08-30'),('237.832','Chickadee, black-capped','380','4560','2022-10-02'),('239.685','South African hedgehog','446','6690','2022-02-22'),('241.907','Fox, asian red','388','6984','2022-09-13'),('242.157','Peacock, blue','214','2354','2022-11-02'),('242.381','Tenrec, tailless','215','1935','2022-12-24'),('242.495','Peacock, blue','479','5269','2022-10-18'),('242.616','Australian brush turkey','272','4080','2022-11-22'),('242.925','Duck, blue','374','5984','2022-05-02'),('243.359','Porcupine, tree','245','3185','2022-10-13'),('243.695','Porcupine, tree','447','5811','2022-06-17'),('245.559','Australian brush turkey','498','7470','2022-06-08'),('246.49','Barbet, levaillant\'s','482','8676','2022-12-28'),('246.511','Tortoise, indian star','478','6692','2022-06-01'),('246.593','Hippopotamus','251','5020','2022-05-16'),('247.618','Bandicoot, long-nosed','202','2222','2022-08-25'),('248.097','Boar, wild','471','8478','2022-09-21'),('249.207','South African hedgehog','296','4440','2022-11-29'),('251.217','Tortoise, indian star','248','3472','2022-03-15'),('252.181','Lemur, sportive','226','2260','2022-08-17'),('252.303','Possum, common brushtail','407','2849','2022-08-30'),('254.003','Boar, wild','270','4860','2022-07-16'),('254.041','Lemur, sportive','301','3010','2022-10-04'),('256.462','Crane, sandhill','374','6732','2022-07-02'),('257.443','Kingfisher, malachite','387','7353','2022-12-10'),('257.906','Peacock, blue','491','5401','2022-05-07'),('258.593','South African hedgehog','216','3240','2022-03-20'),('259.239','Jackal, golden','267','4539','2022-05-09'),('259.341','Seal, common','487','3896','2022-10-25'),('259.356','Porcupine, african','303','5757','2022-05-08'),('259.988','Possum, common brushtail','336','2352','2022-04-02'),('260.152','Tenrec, tailless','218','1962','2022-01-24'),('260.192','Vulture, griffon','255','2805','2022-07-21'),('260.45','Peacock, blue','203','2233','2022-07-16'),('261.674','Bandicoot, long-nosed','220','2420','2022-02-09'),('261.923','Dusky gull','244','3660','2022-08-22'),('262.102','Fox, asian red','273','4914','2022-08-17'),('262.306','Tenrec, tailless','219','1971','2022-12-04'),('263.397','Crane, sandhill','320','5760','2022-04-08'),('264.05','Peacock, blue','338','3718','2022-10-21'),('265.608','Duck, blue','379','6064','2022-04-05'),('267.739','Glider, sugar','270','2970','2022-07-03'),('268.387','Roan antelope','202','3030','2022-04-25'),('269.292','Deer, spotted','311','5598','2022-01-15'),('269.332','Duck, blue','249','3984','2022-08-22'),('270.621','Dusky gull','409','6135','2022-08-22'),('270.714','Boar, wild','272','4896','2022-08-03'),('271.761','Lemur, sportive','477','4770','2022-05-12'),('272.651','Hyena, spotted','381','6858','2022-05-22'),('274.47','Vulture, griffon','261','2871','2022-09-25'),('275.3','Peacock, blue','254','2794','2022-10-31'),('275.344','Coyote','431','3448','2022-12-23'),('275.718','South African hedgehog','447','6705','2022-11-01'),('276.104','Lemur, sportive','500','5000','2022-04-18'),('276.323','Duck, blue','276','4416','2022-06-19'),('276.928','Roan antelope','294','4410','2022-12-13'),('278.768','Jackal, golden','475','8075','2022-11-10'),('278.94','Fox, asian red','458','8244','2022-04-21'),('279.47','Porcupine, african','466','8854','2022-02-02'),('279.619','Australian brush turkey','497','7455','2022-09-20'),('279.723','Coyote','433','3464','2022-05-06'),('280.266','Eastern dwarf mongoose','464','5568','2022-11-10'),('280.696','Seal, common','390','3120','2022-07-17'),('281.093','Deer, spotted','392','7056','2022-09-13'),('281.156','Porcupine, tree','342','4446','2022-01-07'),('282.08','Tortoise, indian star','402','5628','2022-08-21'),('282.135','Vulture, griffon','300','3300','2022-11-06'),('282.218','Jackal, golden','484','8228','2022-05-10'),('284.182','Dusky gull','400','6000','2022-03-12'),('285.078','Seal, common','395','3160','2022-08-14'),('285.25','Eastern dwarf mongoose','408','4896','2022-06-08'),('286.403','Lemur, sportive','422','4220','2022-07-13'),('286.6','Dusky gull','323','4845','2022-06-12'),('286.712','Eastern dwarf mongoose','411','4932','2022-03-17'),('287.215','Hippopotamus','419','8380','2022-06-06'),('288.218','Boar, wild','414','7452','2022-07-31'),('288.407','Kingfisher, malachite','253','4807','2022-05-11'),('289.104','Vulture, griffon','438','4818','2022-07-29'),('289.781','Kingfisher, malachite','272','5168','2022-10-06'),('290.37','Australian brush turkey','407','6105','2022-03-14'),('290.481','Crane, sandhill','445','8010','2022-03-28'),('290.9','South African hedgehog','487','7305','2022-09-23'),('291.349','Dusky gull','471','7065','2022-06-12'),('292.315','Boar, wild','346','6228','2022-12-13'),('292.529','Tenrec, tailless','227','2043','2022-02-26'),('292.597','Boar, wild','235','4230','2022-05-21'),('293.152','Barbet, levaillant\'s','379','6822','2022-11-22'),('293.245','Vulture, griffon','249','2739','2022-05-20'),('293.382','Barbet, levaillant\'s','285','5130','2022-12-14'),('296.489','Vulture, griffon','302','3322','2022-02-19'),('296.552','Porcupine, tree','319','4147','2022-11-06'),('297.664','Jackal, golden','479','8143','2022-03-29'),('298.943','Hyena, spotted','490','8820','2022-02-25');
/*!40000 ALTER TABLE `od` ENABLE KEYS */;
UNLOCK TABLES;

--
-- Table structure for table `os`
--

DROP TABLE IF EXISTS `os`;
/*!40101 SET @saved_cs_client     = @@character_set_client */;
/*!50503 SET character_set_client = utf8mb4 */;
CREATE TABLE `os` (
  `URL` varchar(40) NOT NULL,
  `BC_TID` int DEFAULT NULL,
  PRIMARY KEY (`URL`),
  KEY `BC_TID` (`BC_TID`),
  CONSTRAINT `os_ibfk_1` FOREIGN KEY (`BC_TID`) REFERENCES `bc` (`BC_TID`)
) ENGINE=InnoDB DEFAULT CHARSET=utf8mb4 COLLATE=utf8mb4_0900_ai_ci;
/*!40101 SET character_set_client = @saved_cs_client */;

--
-- Dumping data for table `os`
--

LOCK TABLES `os` WRITE;
/*!40000 ALTER TABLE `os` DISABLE KEYS */;
INSERT INTO `os` VALUES ('https://go.com',29679),('http://ocn.ne.jp',46970),('https://sogou.com',47003),('https://dot.gov',70644),('https://123-reg.co.uk',88714);
/*!40000 ALTER TABLE `os` ENABLE KEYS */;
UNLOCK TABLES;

--
-- Final view structure for view `annual`
--

/*!50001 DROP VIEW IF EXISTS `annual`*/;
/*!50001 SET @saved_cs_client          = @@character_set_client */;
/*!50001 SET @saved_cs_results         = @@character_set_results */;
/*!50001 SET @saved_col_connection     = @@collation_connection */;
/*!50001 SET character_set_client      = utf8mb4 */;
/*!50001 SET character_set_results     = utf8mb4 */;
/*!50001 SET collation_connection      = utf8mb4_0900_ai_ci */;
/*!50001 CREATE ALGORITHM=UNDEFINED */
/*!50013 DEFINER=`root`@`localhost` SQL SECURITY DEFINER */
/*!50001 VIEW `annual` AS select `od`.`Bname` AS `Bname`,`od`.`date` AS `MT` from `od` */;
/*!50001 SET character_set_client      = @saved_cs_client */;
/*!50001 SET character_set_results     = @saved_cs_results */;
/*!50001 SET collation_connection      = @saved_col_connection */;
/*!40103 SET TIME_ZONE=@OLD_TIME_ZONE */;

/*!40101 SET SQL_MODE=@OLD_SQL_MODE */;
/*!40014 SET FOREIGN_KEY_CHECKS=@OLD_FOREIGN_KEY_CHECKS */;
/*!40014 SET UNIQUE_CHECKS=@OLD_UNIQUE_CHECKS */;
/*!40101 SET CHARACTER_SET_CLIENT=@OLD_CHARACTER_SET_CLIENT */;
/*!40101 SET CHARACTER_SET_RESULTS=@OLD_CHARACTER_SET_RESULTS */;
/*!40101 SET COLLATION_CONNECTION=@OLD_COLLATION_CONNECTION */;
/*!40111 SET SQL_NOTES=@OLD_SQL_NOTES */;

-- Dump completed on 2022-11-18 15:52:53
